Lastname,Male name,Female name
SMITH,Liam,Olivia
JOHNSON,Noah,Emma
WILLIAMS,Oliver,Charlotte
BROWN,Elijah,Amelia
JONES,James,Ava
GARCIA,William,Sophia
MILLER,Benjamin,Isabella
DAVIS,Lucas,Mia
RODRIGUEZ,Henry,Evelyn
MARTINEZ,Theodore,Harper
HERNANDEZ,Jack,Luna
LOPEZ,Levi,Camila
GONZALEZ,Alexander,Gianna
WILSON,Jackson,Elizabeth
ANDERSON,Mateo,Eleanor
THOMAS,Daniel,Ella
TAYLOR,Michael,Abigail
MOORE,Mason,Sofia
JACKSON,Sebastian,Avery
MARTIN,Ethan,Scarlett
LEE,Logan,Emily
PEREZ,Owen,Aria
THOMPSON,Samuel,Penelope
WHITE,Jacob,Chloe
HARRIS,Asher,Layla
SANCHEZ,Aiden,Mila
CLARK,John,Nora
RAMIREZ,Joseph,Hazel
LEWIS,Wyatt,Madison
ROBINSON,David,Ellie
WALKER,Leo,Lily
YOUNG,Luke,Nova
ALLEN,Julian,Isla
KING,Hudson,Grace
WRIGHT,Grayson,Violet
SCOTT,Matthew,Aurora
TORRES,Ezra,Riley
NGUYEN,Gabriel,Zoey
HILL,Carter,Willow
FLORES,Isaac,Emilia
GREEN,Jayden,Stella
ADAMS,Luca,Zoe
NELSON,Anthony,Victoria
BAKER,Dylan,Hannah
HALL,Lincoln,Addison
RIVERA,Thomas,Leah
CAMPBELL,Maverick,Lucy
MITCHELL,Elias,Eliana
CARTER,Josiah,Ivy
ROBERTS,Charles,Everly
GOMEZ,Caleb,Lillian
PHILLIPS,Christopher,Paisley
EVANS,Ezekiel,Elena
TURNER,Miles,Naomi
DIAZ,Jaxon,Maya
PARKER,Isaiah,Natalie
CRUZ,Andrew,Kinsley
EDWARDS,Joshua,Delilah
COLLINS,Nathan,Claire
REYES,Nolan,Audrey
STEWART,Adrian,Aaliyah
MORRIS,Cameron,Ruby
MORALES,Santiago,Brooklyn
MURPHY,Eli,Alice
COOK,Aaron,Aubrey
ROGERS,Ryan,Autumn
GUTIERREZ,Angel,Leilani
ORTIZ,Cooper,Savannah
MORGAN,Waylon,Valentina
COOPER,Easton,Kennedy
PETERSON,Kai,Madelyn
BAILEY,Christian,Josephine
REED,Landon,Bella
KELLY,Colton,Skylar
HOWARD,Roman,Genesis
RAMOS,Axel,Sophie
KIM,Brooks,Hailey
COX,Jonathan,Sadie
WARD,Robert,Natalia
RICHARDSON,Jameson,Quinn
WATSON,Ian,Caroline
BROOKS,Everett,Allison
CHAVEZ,Greyson,Gabriella
WOOD,Wesley,Anna
JAMES,Jeremiah,Serenity
BENNETT,Hunter,Nevaeh
GRAY,Leonardo,Cora
MENDOZA,Jordan,Ariana
RUIZ,Jose,Emery
HUGHES,Bennett,Lydia
PRICE,Silas,Jade
ALVAREZ,Nicholas,Sarah
CASTILLO,Parker,Eva
SANDERS,Beau,Adeline
PATEL,Weston,Madeline
MYERS,Austin,Piper
LONG,Connor,Rylee
ROSS,Carson,Athena
FOSTER,Dominic,Peyton
JIMENEZ,Xavier,Everleigh
POWELL,Jaxson,Vivian
JENKINS,Jace,Clara
PERRY,Emmett,Raelynn
RUSSELL,Adam,Liliana
SULLIVAN,Declan,Samantha
BELL,Rowan,Maria
COLEMAN,Micah,Iris
BUTLER,Kayden,Ayla
HENDERSON,Gael,Eloise
BARNES,River,Lyla
GONZALES,Ryder,Eliza
FISHER,Kingston,Hadley
VASQUEZ,Damian,Melody
SIMMONS,Sawyer,Julia
ROMERO,Luka,Parker
JORDAN,Evan,Rose
PATTERSON,Vincent,Isabelle
ALEXANDER,Legend,Brielle
HAMILTON,Myles,Adalynn
GRAHAM,Harrison,Arya
REYNOLDS,August,Eden
GRIFFIN,Bryson,Remi
WALLACE,Amir,Mackenzie
MORENO,Giovanni,Maeve
WEST,Chase,Margaret
COLE,Diego,Reagan
HAYES,Milo,Charlie
BRYANT,Jasper,Alaia
HERRERA,Walker,Melanie
GIBSON,Jason,Josie
ELLIS,Brayden,Elliana
TRAN,Cole,Cecilia
MEDINA,Nathaniel,Mary
AGUILAR,George,Daisy
STEVENS,Lorenzo,Alina
MURRAY,Zion,Lucia
FORD,Luis,Ximena
CASTRO,Archer,Juniper
MARSHALL,Enzo,Kaylee
OWENS,Jonah,Magnolia
HARRISON,Thiago,Summer
FERNANDEZ,Theo,Adalyn
MCDONALD,Ayden,Sloane
WOODS,Zachary,Amara
WASHINGTON,Calvin,Arianna
KENNEDY,Braxton,Isabel
WELLS,Ashton,Reese
VARGAS,Rhett,Emersyn
HENRY,Atlas,Sienna
CHEN,Jude,Kehlani
FREEMAN,Bentley,River
WEBB,Carlos,Freya
TUCKER,Ryker,Valerie
GUZMAN,Adriel,Blakely
BURNS,Arthur,Genevieve
CRAWFORD,Ace,Esther
OLSON,Tyler,Valeria
SIMPSON,Jayce,Katherine
PORTER,Max,Kylie
HUNTER,Elliot,Norah
GORDON,Graham,Amaya
MENDEZ,Kaiden,Bailey
SILVA,Maxwell,Ember
SHAW,Juan,Ryleigh
SNYDER,Dean,Georgia
MASON,Matteo,Catalina
DIXON,Malachi,Emerson
MUNOZ,Ivan,Alexandra
HUNT,Elliott,Faith
HICKS,Jesus,Jasmine
HOLMES,Emiliano,Ariella
PALMER,Messiah,Ashley
WAGNER,Gavin,Andrea
BLACK,Maddox,Millie
ROBERTSON,Camden,June
BOYD,Hayden,Khloe
ROSE,Leon,Callie
STONE,Antonio,Juliette
SALAZAR,Justin,Sage
FOX,Tucker,Ada
WARREN,Brandon,Anastasia
MILLS,Kevin,Olive
MEYER,Judah,Alani
RICE,Finn,Brianna
SCHMIDT,King,Rosalie
GARZA,Brody,Molly
DANIELS,Xander,Brynlee
FERGUSON,Nicolas,Amy
NICHOLS,Charlie,Ruth
STEPHENS,Arlo,Aubree
SOTO,Emmanuel,Gemma
WEAVER,Barrett,Taylor
RYAN,Felix,Oakley
GARDNER,Alex,Margot
PAYNE,Miguel,Arabella
GRANT,Abel,Sara
DUNN,Alan,Journee
KELLEY,Beckett,Harmony
SPENCER,Amari,Blake
HAWKINS,Karter,Alaina
ARNOLD,Timothy,Aspen
PIERCE,Abraham,Noelle
VAZQUEZ,Jesse,Selena
HANSEN,Zayden,Oaklynn
PETERS,Blake,Morgan
SANTOS,Alejandro,Londyn
HART,Dawson,Zuri
BRADLEY,Tristan,Aliyah
KNIGHT,Victor,Jordyn
ELLIOTT,Avery,Juliana
CUNNINGHAM,Joel,Finley
DUNCAN,Grant,Presley
ARMSTRONG,Eric,Zara
HUDSON,Patrick,Leila
CARROLL,Peter,Marley
LANE,Richard,Sawyer
RILEY,Edward,Amira
ANDREWS,Andres,Lilly
ALVARADO,Emilio,London
RAY,Colt,Kimberly
DELGADO,Knox,Elsie
BERRY,Beckham,Ariel
PERKINS,Adonis,Lila
HOFFMAN,Kyrie,Alana
JOHNSTON,Matias,Diana
MATTHEWS,Oscar,Kamila
PENA,Lukas,Nyla
RICHARDS,Marcus,Vera
CONTRERAS,Hayes,Hope
WILLIS,Caden,Annie
CARPENTER,Remington,Kaia
LAWRENCE,Griffin,Myla
SANDOVAL,Nash,Alyssa
GUERRERO,Israel,Angela
GEORGE,Steven,Ana
CHAPMAN,Holden,Lennon
RIOS,Rafael,Evangeline
ESTRADA,Zane,Harlow
ORTEGA,Jeremy,Rachel
WATKINS,Kash,Gracie
GREENE,Preston,Rowan
NUNEZ,Kyler,Laila
WHEELER,Jax,Elise
VALDEZ,Jett,Sutton
HARPER,Kaleb,Lilah
BURKE,Riley,Adelyn
LARSON,Simon,Phoebe
SANTIAGO,Phoenix,Octavia
MALDONADO,Javier,Sydney
MORRISON,Bryce,Mariana
FRANKLIN,Louis,Wren
CARLSON,Mark,Lainey
AUSTIN,Cash,Vanessa
DOMINGUEZ,Lennox,Teagan
CARR,Paxton,Kayla
LAWSON,Malakai,Malia
JACOBS,Paul,Elaina
OBRIEN,Kenneth,Saylor
LYNCH,Nico,Brooke
SINGH,Kaden,Lola
VEGA,Lane,Miriam
BISHOP,Kairo,Alayna
MONTGOMERY,Maximus,Adelaide
OLIVER,Omar,Daniela
JENSEN,Finley,Jane
HARVEY,Atticus,Payton
WILLIAMSON,Crew,Journey
GILBERT,Brantley,Lilith
DEAN,Colin,Delaney
SIMS,Dallas,Dakota
ESPINOZA,Walter,Mya
HOWELL,Brady,Charlee
LI,Callum,Alivia
WONG,Ronan,Annabelle
REID,Hendrix,Kailani
HANSON,Jorge,Lucille
LE,Tobias,Trinity
MCCOY,Clayton,Gia
GARRETT,Emerson,Tatum
BURTON,Damien,Raegan
FULLER,Zayn,Camille
WANG,Malcolm,Kaylani
WEBER,Kayson,Kali
WELCH,Bodhi,Stevie
ROJAS,Bryan,Maggie
LUCAS,Aidan,Haven
MARQUEZ,Cohen,Tessa
FIELDS,Brian,Daphne
PARK,Cayden,Adaline
YANG,Andre,Hayden
LITTLE,Niko,Joanna
BANKS,Maximiliano,Jocelyn
PADILLA,Zander,Lena
DAY,Khalil,Evie
WALSH,Rory,Juliet
BOWMAN,Francisco,Fiona
SCHULTZ,Cruz,Cataleya
LUNA,Kobe,Angelina
FOWLER,Reid,Leia
MEJIA,Daxton,Paige
DAVIDSON,Derek,Julianna
ACOSTA,Martin,Milani
BREWER,Jensen,Talia
MAY,Karson,Rebecca
HOLLAND,Tate,Kendall
JUAREZ,Muhammad,Harley
NEWMAN,Jaden,Lia
PEARSON,Joaquin,Phoenix
CURTIS,Josue,Dahlia
CORTEZ,Gideon,Logan
DOUGLAS,Dante,Camilla
SCHNEIDER,Cody,Thea
JOSEPH,Bradley,Jayla
BARRETT,Orion,Brooklynn
NAVARRO,Spencer,Blair
FIGUEROA,Angelo,Vivienne
KELLER,Erick,Hallie
AVILA,Jaylen,Madilyn
WADE,Julius,Mckenna
MOLINA,Manuel,Evelynn
STANLEY,Ellis,Ophelia
HOPKINS,Colson,Celeste
CAMPOS,Cairo,Alayah
BARNETT,Gunner,Winter
BATES,Wade,Catherine
CHAMBERS,Chance,Collins
CALDWELL,Odin,Nina
BECK,Anderson,Briella
LAMBERT,Kane,Palmer
MIRANDA,Raymond,Noa
BYRD,Cristian,Mckenzie
CRAIG,Aziel,Kiara
AYALA,Prince,Amari
LOWE,Ezequiel,Adriana
FRAZIER,Jake,Gracelynn
POWERS,Otto,Lauren
NEAL,Eduardo,Cali
LEONARD,Rylan,Kalani
GREGORY,Ali,Aniyah
CARRILLO,Cade,Nicole
SUTTON,Stephen,Alexis
FLEMING,Ari,Mariah
RHODES,Kameron,Gabriela
SHELTON,Dakota,Wynter
SCHWARTZ,Warren,Amina
NORRIS,Ricardo,Ariyah
JENNINGS,Killian,Adelynn
WATTS,Mario,Remington
DURAN,Romeo,Reign
WALTERS,Cyrus,Alaya
COHEN,Ismael,Dream
MCDANIEL,Russell,Alexandria
MORAN,Tyson,Willa
PARKS,Edwin,Avianna
STEELE,Desmond,Makayla
VAUGHN,Nasir,Gracelyn
BECKER,Remy,Elle
HOLT,Tanner,Amiyah
DELEON,Fernando,Arielle
BARKER,Hector,Elianna
TERRY,Titus,Giselle
HALE,Lawson,Brynn
LEON,Sean,Ainsley
HAIL,Kyle,Aitana
BENSON,Elian,Charli
HAYNES,Corbin,Demi
HORTON,Bowen,Makenna
MILES,Wilder,Rosemary
LYONS,Armani,Danna
PHAM,Royal,Izabella
GRAVES,Stetson,Lilliana
BUSH,Briggs,Melissa
THORNTON,Sullivan,Samara
WOLFE,Leonel,Lana
WARNER,Callan,Mabel
CABRERA,Finnegan,Everlee
MCKINNEY,Jay,Fatima
MANN,Zayne,Leighton
ZIMMERMAN,Marshall,Esme
DAWSON,Kade,Raelyn
LARA,Travis,Madeleine
FLETCHER,Sterling,Nayeli
PAGE,Raiden,Camryn
MCCARTHY,Sergio,Kira
LOVE,Tatum,Annalise
ROBLES,Cesar,Selah
CERVANTES,Zyaire,Serena
SOLIS,Milan,Royalty
ERICKSON,Devin,Rylie
REEVES,Gianni,Celine
CHANG,Kamari,Laura
KLEIN,Royce,Brinley
SALINAS,Malik,Frances
FUENTES,Jared,Michelle
BALDWIN,Franklin,Heidi
DANIEL,Clark,Rory
SIMON,Noel,Sabrina
VELASQUEZ,Marco,Destiny
HARDY,Archie,Gwendolyn
HIGGINS,Apollo,Alessandra
AGUIRRE,Pablo,Poppy
LIN,Garrett,Amora
CUMMINGS,Oakley,Nylah
CHANDLER,Memphis,Luciana
SHARP,Quinn,Maisie
BARBER,Onyx,Miracle
BOWEN,Alijah,Joy
OCHOA,Baylor,Liana
DENNIS,Edgar,Raven
ROBBINS,Nehemiah,Shiloh
LIU,Winston,Allie
RAMSEY,Major,Daleyza
FRANCIS,Rhys,Kate
GRIFFITH,Forrest,Lyric
PAUL,Jaiden,Alicia
BLAIR,Reed,Lexi
OCONNOR,Santino,Addilyn
CARDENAS,Troy,Anaya
PACHECO,Caiden,Malani
CROSS,Harvey,Paislee
CALDERON,Collin,Elisa
QUINN,Solomon,Kayleigh
MOSS,Donovan,Azalea
SWANSON,Damon,Francesca
CHAN,Jeffrey,Jordan
RIVAS,Kason,Regina
KHAN,Sage,Viviana
RODGERS,Grady,Aylin
SERRANO,Kendrick,Skye
FITZGERALD,Leland,Daniella
ROSALES,Luciano,Makenzie
STEVENSON,Pedro,Veronica
CHRISTENSEN,Hank,Legacy
MANNING,Hugo,Maia
GILL,Esteban,Ariah
CURRY,Johnny,Alessia
MCLAUGHLIN,Kashton,Carmen
HARMON,Ronin,Astrid
MCGEE,Ford,Maren
GROSS,Mathias,Helen
DOYLE,Porter,Felicity
GARNER,Erik,Alexa
NEWTON,Johnathan,Danielle
BURGESS,Frank,Lorelei
REESE,Tripp,Paris
WALTON,Casey,Adelina
BLAKE,Fabian,Bianca
TRUJILLO,Leonidas,Gabrielle
ADKINS,Baker,Jazlyn
BRADY,Matthias,Scarlet
GOODMAN,Philip,Bristol
ROMAN,Jayceon,Navy
WEBSTER,Kian,Esmeralda
GOODWIN,Saint,Colette
FISCHER,Ibrahim,Stephanie
HUANG,Jaxton,Jolene
POTTER,Augustus,Marlee
DELACRUZ,Callen,Sarai
MONTOYA,Trevor,Hattie
TODD,Ruben,Nadia
WU,Adan,Rosie
HINES,Conor,Kamryn
MULLINS,Dax,Kenzie
CASTANEDA,Braylen,Alora
MALONE,Kaison,Holly
CANNON,Francis,Matilda
TATE,Kyson,Sylvia
MACK,Andy,Cameron
SHERMAN,Lucca,Armani
HUBBARD,Mack,Emelia
HODGES,Peyton,Keira
ZHANG,Alexis,Braelynn
GUERRA,Deacon,Jacqueline
WOLF,Kasen,Alison
VALENCIA,Kamden,Amanda
SAUNDERS,Frederick,Cassidy
FRANCO,Princeton,Emory
ROWE,Braylon,Ari
GALLAGHER,Wells,Haisley
FARMER,Nikolai,Jimena
HAMMOND,Iker,Jessica
HAMPTON,Bo,Elaine
TOWNSEND,Dominick,Dorothy
INGRAM,Moshe,Mira
WISE,Cassius,Eve
GALLEGOS,Gregory,Oaklee
CLARKE,Lewis,Averie
BARTON,Kieran,Charleigh
SCHROEDER,Isaias,Lyra
MAXWELL,Seth,Madelynn
WATERS,Marcos,Angel
LOGAN,Omari,Edith
CAMACHO,Shane,Jennifer
STRICKLAND,Keegan,Raya
NORMAN,Jase,Ryan
PERSON,Asa,Heaven
COLON,Sonny,Kyla
PARSONS,Uriel,Wrenley
FRANK,Pierce,Meadow
HARRINGTON,Jasiah,Carter
GLOVER,Eden,Kora
OSBORNE,Rocco,Saige
BUCHANAN,Banks,Kinley
CASEY,Cannon,Maci
FLOYD,Denver,Mae
PATTON,Zaiden,Salem
IBARRA,Roberto,Aisha
BALL,Shawn,Adley
TYLER,Drew,Carolina
SUAREZ,Emanuel,Sierra
BOWERS,Kolton,Alma
OROZCO,Ayaan,Helena
SALAS,Ares,Bonnie
COBB,Conner,Mylah
GIBBS,Jalen,Briar
ANDRADE,Alonzo,Aurelia
BAUER,Enrique,Leona
CONNER,Dalton,Macie
MOODY,Moses,Maddison
ESCOBAR,Koda,April
MCGUIRE,Bodie,Aviana
LLOYD,Jamison,Lorelai
MUELLER,Phillip,Alondra
HARTMAN,Zaire,Kennedi
FRENCH,Jonas,Monroe
KRAMER,Kylo,Emely
MCBRIDE,Moises,Maliyah
POPE,Shepherd,Ailani
LINDSEY,Allen,Madilynn
VELAZQUEZ,Kenzo,Renata
NORTON,Mohamed,Katie
MCCORMICK,Keanu,Zariah
SPARKS,Dexter,Imani
FLYNN,Conrad,Amber
YATES,Bruce,Analia
HOGAN,Sylas,Ariya
MARSH,Soren,Anya
MACIAS,Raphael,Emberly
VILLANUEVA,Rowen,Emmy
ZAMORA,Gunnar,Mara
PRATT,Sutton,Maryam
STOKES,Quentin,Dior
OWEN,Jaziel,Mckinley
BALLARD,Emmitt,Virginia
LANG,Makai,Amalia
BROCK,Koa,Mallory
VILLARREAL,Maximilian,Opal
CHARLES,Brixton,Shelby
DRAKE,Dariel,Clementine
BARRERA,Zachariah,Remy
CAIN,Roy,Xiomara
PATRICK,Armando,Elliott
PINEDA,Corey,Elora
BURNETT,Saul,Katalina
MERCADO,Izaiah,Antonella
SANTANA,Danny,Skyler
SHEPHERD,Davis,Hanna
BAUTISTA,Ridge,Kaliyah
ALI,Yusuf,Alanna
SHAFFER,Ariel,Haley
LAMB,Valentino,Itzel
TREVINO,Jayson,Cecelia
MCKENZIE,Ronald,Jayleen
HESS,Albert,Kensley
BEIL,Gerardo,Beatrice
OLSEN,Ryland,Journi
COCHRAN,Dorian,Dylan
MORTON,Drake,Ivory
NASH,Gage,Yaretzi
WILKINS,Rodrigo,Meredith
PETERSEN,Hezekiah,Sasha
BRIGGS,Kylan,Gloria
SHAH,Boone,Oaklyn
ROTH,Ledger,Sloan
NICHOLSON,Santana,Abby
HOLLOWAY,Jamari,Davina
LOZANO,Jamir,Lylah
RANGEL,Lawrence,Erin
FLOWERS,Reece,Reyna
HOOVER,Kaysen,Kaitlyn
SHORT,Shiloh,Michaela
ARIAS,Arjun,Nia
MORA,Marcelo,Fernanda
VALENZUELA,Abram,Jaliyah
BRYAN,Benson,Jenna
MEYERS,Huxley,Sylvie
WEISS,Nikolas,Miranda
UNDERWOOD,Zain,Anne
BASS,Kohen,Mina
GREER,Samson,Myra
SUMMERS,Miller,Aleena
HOUSTON,Donald,Alia
CARSON,Finnley,Frankie
MORROW,Kannon,Ellis
CLAYTON,Lucian,Kathryn
WHITAKER,Watson,Nalani
DECKER,Keith,Nola
YODER,Westin,Jemma
COLLIER,Tadeo,Lennox
ZUNIGA,Sincere,Marie
CAREY,Boston,Angelica
WILCOX,Axton,Cassandra
MELENDEZ,Amos,Calliope
POOLE,Chandler,Adrianna
ROBERSON,Leandro,Ivanna
LARSEN,Raul,Zelda
CONLEY,Scott,Faye
DAVENPORT,Reign,Karsyn
COPELAND,Alessandro,Oakleigh
MASSEY,Camilo,Dayana
LAM,Derrick,Amirah
HUFF,Morgan,Megan
ROCHA,Julio,Siena
CAMERON,Clay,Reina
JEFFERSON,Edison,Rhea
HOOD,Jaime,Julieta
MONROE,Augustine,Malaysia
ANTHONY,Julien,Henley
PITTMAN,Zeke,Liberty
HUYNH,Marvin,Leslie
RANDALL,Bellamy,Alejandra
SINGLETON,Landen,Kelsey
KIRK,Dustin,Charley
COMBS,Jamie,Capri
MATHIS,Krew,Priscilla
CHRISTIAN,Kyree,Zariyah
SKINNER,Colter,Savanna
BRADFORD,Johan,Emerie
RICHARD,Houston,Christina
GALVAN,Layton,Skyla
WALL,Quincy,Macy
BOONE,Case,Mariam
KIRBY,Atreus,Melina
WILKINSON,Cayson,Chelsea
BRIDGES,Aarav,Dallas
BRUCE,Darius,Laurel
ATKINSON,Harlan,Briana
VELEZ,Justice,Holland
MEZA,Abdiel,Lilian
ROY,Layne,Amaia
VINCENT,Raylan,Blaire
YORK,Arturo,Margo
HODGE,Taylor,Louise
VILLA,Anakin,Rosalia
ABBOTT,Ander,Aleah
ALLISON,Hamza,Bethany
TAPIA,Otis,Flora
GATES,Azariah,Kylee
CHASE,Leonard,Kendra
SOSA,Colby,Sunny
SWEENEY,Duke,Laney
FARRELL,Flynn,Tiana
WYATT,Trey,Chaya
DALTON,Gustavo,Ellianna
HORN,Fletcher,Milan
BARRON,Issac,Aliana
PHELPS,Sam,Estella
YU,Trenton,Julie
DICKERSON,Callahan,Yara
HEATH,Chris,Rosa
FOLEY,Mohammad,Cheyenne
ATKINS,Rayan,Emmie
MATHEWS,Lionel,Carly
BONILLA,Bruno,Janelle
ACEVEDO,Jaxxon,Kyra
BENITEZ,Zaid,Naya
ZAVALA,Brycen,Malaya
HENSLEY,Roland,Sevyn
GLENN,Dillon,Lina
CISNEROS,Lennon,Mikayla
HARRELL,Ambrose,Jayda
SHIELDS,Rio,Leyla
RUBIO,Mac,Eileen
HUFFMAN,Ahmed,Irene
CHOI,Samir,Karina
BOYER,Yosef,Aileen
GARRISON,Tru,Aliza
ARROYO,Creed,Kataleya
BOND,Tony,Kori
KANE,Alden,Indie
HANCOCK,Aden,Lara
CALLAHAN,Alec,Romina
DILLON,Carmelo,Jada
CLINE,Dario,Kimber
WIGGINS,Marcel,Amani
GRIMES,Roger,Liv
ARELLANO,Ty,Treasure
MELTON,Ahmad,Louisa
ONEILL,Emir,Marleigh
SAVAGE,Landyn,Winnie
HO,Skyler,Kassidy
BELTRAN,Mohammed,Noah
PITTS,Dennis,Monica
PARRISH,Kareem,Keilani
PONCE,Nixon,Zahra
RICH,Rex,Zaylee
BOOTH,Uriah,Hadassah
KOCH,Lee,Jamie
GOLDEN,Louie,Allyson
WARE,Rayden,Anahi
BRENNAN,Reese,Maxine
MCDOWELL,Alberto,Karla
MARKS,Cason,Khaleesi
CANTU,Quinton,Johanna
HUMPHREY,Kingsley,Penny
BAXTER,Chaim,Hayley
SAWYER,Alfredo,Marilyn
CLAY,Mauricio,Della
TANNER,Caspian,Freyja
HUTCHINSON,Legacy,Jazmin
KAUR,Ocean,Kenna
BERG,Ozzy,Ashlyn
WILEY,Briar,Florence
GILMORE,Wilson,Ezra
RUSSO,Forest,Melany
VILLEGAS,Grey,Murphy
HOBBS,Joziah,Sky
KEITH,Salem,Marina
WILKERSON,Neil,Noemi
AHMED,Remi,Coraline
BEARD,Bridger,Selene
MCCLAIN,Harry,Bridget
MONTES,Jefferson,Alaiya
MATA,Lachlan,Angie
ROSARIO,Nelson,Fallon
VANG,Casen,Thalia
WALTER,Salvador,Rayna
HENSON,Magnus,Martha
ONEAL,Tommy,Halle
MOSLEY,Marcellus,Estrella
MCCLURE,Maximo,Joelle
BEASLEY,Jerry,Kinslee
STEPHENSON,Clyde,Roselyn
SNOW,Aron,Theodora
HUERTA,Keaton,Jolie
PRESTON,Eliam,Dani
VANCE,Lian,Elodie
BARRY,Trace,Halo
JOHNS,Douglas,Nala
EATON,Junior,Promise
BLACKWELL,Titan,Justice
DYER,Cullen,Nellie
PRINCE,Cillian,Novah
MACDONALD,Musa,Estelle
SOLOMON,Mylo,Jenesis
GUEVARA,Hugh,Miley
STAFFORD,Tomas,Hadlee
ENGLISH,Vincenzo,Janiyah
HURST,Westley,Waverly
WOODARD,Langston,Braelyn
CORTES,Byron,Pearl
SHANNON,Kiaan,Aila
KEMP,Loyal,Katelyn
NOLAN,Orlando,Sariyah
MCCULLOUGH,Kyro,Azariah
MERRITT,Amias,Bexley
MURILLO,Amiri,Giana
MOON,Jimmy,Lea
SALGADO,Vicente,Cadence
STRONG,Khari,Mavis
KLINE,Brendan,Ila
CORDOVA,Rey,Rivka
BARAJAS,Ben,Jovie
ROACH,Emery,Yareli
ROSAS,Zyair,Bellamy
WINTERS,Bjorn,Kamiyah
JACOBSON,Evander,Kara
LESTER,Ramon,Baylee
KNOX,Alvin,Jianna
BULLOCK,Ricky,Kai
KERR,Jagger,Alena
LEACH,Brock,Novalee
MEADOWS,Dakari,Elliot
ORR,Eddie,Livia
DAVILA,Blaze,Ashlynn
WHITEHEAD,Gatlin,Denver
PRUITT,Alonso,Emmalyn
KENT,Curtis,Persephone
CONWAY,Kylian,Marceline
MCKEE,Nathanael,Jazmine
BARR,Devon,Kiana
DAVID,Wayne,Mikaela
DEJESUS,Zakai,Aliya
MARIN,Mathew,Galilea
BERGER,Rome,Harlee
MCINTYRE,Riggs,Jaylah
BLANKENSHIP,Aryan,Lillie
GAINES,Avi,Mercy
PALACIOS,Hassan,Ensley
CUEVAS,Lochlan,Bria
BARTLETT,Stanley,Kallie
DURHAM,Dash,Celia
DORSEY,Kaiser,Berkley
MCCALL,Benicio,Ramona
ODONNELL,Bryant,Jaylani
STEIN,Talon,Jessie
BROWNING,Rohan,Aubrie
STOUT,Wesson,Madisyn
LOWERY,Joe,Paulina
SLOAN,Noe,Averi
MCLEAN,Melvin,Aya
HENDRICKS,Vihaan,Chana
CALHOUN,Zayd,Milana
SEXTON,Darren,Cleo
CHUNG,Enoch,Iyla
GENTRY,Mitchell,Cynthia
HULL,Jedidiah,Hana
DUARTE,Brodie,Lacey
ELLISON,Castiel,Andi
NIELSEN,Ira,Giuliana
GILLESPIE,Lance,Milena
BUCK,Guillermo,Leilany
MIDDLETON,Thatcher,Saoirse
SELLERS,Ermias,Adele
LEBLANC,Misael,Drew
ESPARZA,Jakari,Bailee
HARDIN,Emory,Hunter
BRADSHAW,Mccoy,Rayne
MCINTOSH,Rudy,Anais
HOWE,Thaddeus,Kamari
LIVINGSTON,Valentin,Paula
FROST,Yehuda,Rosalee
GLASS,Bode,Teresa
MORSE,Madden,Zora
KNAPP,Kase,Avah
HERMAN,Bear,Belen
STARK,Boden,Greta
BRAVO,Jiraiya,Layne
NOBLE,Maurice,Scout
SPEARS,Alvaro,Zaniyah
WEEKS,Ameer,Amelie
CORONA,Demetrius,Dulce
FREDERICK,Eliseo,Chanel
BUCKLEY,Kabir,Clare
MCFARLAND,Kellan,Rebekah
HEBERT,Allan,Giovanna
ENRIQUEZ,Azrael,Ellison
HICKMAN,Calum,Isabela
QUINTERO,Niklaus,Kaydence
RANDOLPH,Ray,Rosalyn
SCHAEFER,Damari,Royal
WALLS,Elio,Alianna
TREJO,Jon,August
HOUSE,Leighton,Nyra
REILLY,Axl,Vienna
PENNINGTON,Dane,Amoura
MICHAEL,Eithan,Anika
CONRAD,Eugene,Harmoni
GILES,Kenji,Kelly
BENJAMIN,Jakob,Linda
CROSBY,Colten,Aubriella
FITZPATRICK,Eliel,Kairi
DONOVAN,Nova,Ryann
MAYS,Santos,Avayah
MAHONEY,Zahir,Gwen
VALENTINE,Idris,Whitley
RAYMOND,Ishaan,Noor
MEDRANO,Kole,Khalani
HAHN,Korbin,Marianna
MCMILLAN,Seven,Addyson
SMALL,Alaric,Annika
BENTLEY,Kellen,Karter
FELIX,Bronson,Vada
PECK,Franco,Tiffany
LUCERO,Wes,Artemis
BOYLE,Larry,Clover
HANNA,Mekhi,Laylah
PACE,Jamal,Paisleigh
RUSH,Dilan,Elyse
HURLEY,Elisha,Kaisley
HARDING,Brennan,Veda
MCCONNELL,Kace,Zendaya
BERNAL,Van,Simone
NAVA,Felipe,Alexia
AYERS,Fisher,Alisson
EVERETT,Cal,Angelique
VENTURA,Dior,Ocean
AVERY,Judson,Elia
PUGH,Alfonso,Lilianna
MAYER,Deandre,Maleah
BENDER,Rocky,Avalynn
SHEPARD,Henrik,Marisol
MCMAHON,Reuben,Goldie
LANDRY,Anders,Malayah
CASE,Arian,Emmeline
SAMPSON,Damir,Paloma
MOSES,Jacoby,Raina
MAGANA,Khalid,Brynleigh
BLACKBURN,Kye,Chandler
DUNLAP,Mustafa,Valery
GOULD,Jadiel,Adalee
DUFFY,Stefan,Tinsley
VAUGHAN,Yousef,Violeta
HERRING,Aydin,Baylor
MCKAY,Jericho,Lauryn
ESPINOSA,Robin,Marlowe
RIVERS,Wallace,Birdie
FARLEY,Alistair,Jaycee
BERNARD,Davion,Lexie
ASHLEY,Alfred,Loretta
FRIEDMAN,Ernesto,Lilyana
POTTS,Kyng,Princess
TRUONG,Everest,Shay
COSTA,Gary,Hadleigh
CORREA,Leroy,Natasha
BLEVINS,Yahir,Indigo
NIXON,Braden,Zaria
CLEMENTS,Kelvin,Addisyn
FRY,Kristian,Deborah
DELAROSA,Adler,Leanna
BEST,Avyaan,Barbara
BENTON,Brayan,Kimora
LUGO,Jones,Emerald
PORTILLO,Truett,Raquel
DOUGHERTY,Aries,Julissa
CRANE,Joey,Robin
HALEY,Randy,Austyn
PHAN,Jaxx,Dalia
VILLALOBOS,Jesiah,Nyomi
BLANCHARD,Jovanni,Ellen
HORNE,Azriel,Kynlee
FINLEY,Brecken,Salma
QUINTANA,Harley,Luella
LYNN,Zechariah,Zayla
ESQUIVEL,Gordon,Addilynn
BEAN,Jakai,Giavanna
DODSON,Carl,Samira
MULLEN,Graysen,Amaris
XIONG,Kylen,Madalyn
HAYDEN,Ayan,Scarlette
CANO,Branson,Stormi
LEVY,Crosby,Etta
HUBER,Dominik,Ayleen
RICHMOND,Jabari,Brittany
MOYER,Jaxtyn,Brylee
LIM,Kristopher,Araceli
FRYE,Ulises,Egypt
SHEPPARD,Zyon,Iliana
MCCARTY,Fox,Paityn
AVALOS,Howard,Zainab
BOOKER,Salvatore,Billie
WALLER,Turner,Haylee
PARRA,Vance,India
WOODWARD,Harlem,Kaiya
JARAMILLO,Jair,Nancy
KRUEGER,Jakobe,Clarissa
RASMUSSEN,Jeremias,Mazikeen
BRANDT,Osiris,Taytum
PERALTA,Azael,Aubrielle
DONALDSON,Bowie,Rylan
STUART,Canaan,Ainhoa
FAULKNER,Elon,Aspyn
MAYNARD,Granger,Elina
GALINDO,Karsyn,Elsa
COFFEY,Zavier,Magdalena
ESTES,Cain,Kailey
SANFORD,Dangelo,Arleth
BURCH,Heath,Joyce
MADDOX,Yisroel,Judith
VO,Gian,Crystal
OCONNELL,Shepard,Emberlynn
VU,Harold,Landry
ANDERSEN,Kamdyn,Paola
SPENCE,Rene,Braylee
MCPHERSON,Rodney,Guinevere
CHURCH,Yaakov,Aarna
SCHMITT,Adrien,Aiyana
STANTON,Kartier,Kahlani
LEAL,Cassian,Lyanna
CHERRY,Coleson,Sariah
COMPTON,Ahmir,Itzayana
DUDLEY,Darian,Aniya
SIERRA,Genesis,Frida
POLLARD,Kalel,Jaylene
ALFARO,Agustin,Kiera
HESTER,Wylder,Loyalty
PROCTOR,Yadiel,Azaria
LU,Ephraim,Jaylee
HINTON,Kody,Kamilah
NOVAK,Neo,Keyla
GOOD,Ignacio,Kyleigh
MADDEN,Osman,Micah
MCCANN,Aldo,Nataly
TERRELL,Abdullah,Kathleen
JARVIS,Cory,Zoya
DICKSON,Blaine,Meghan
REYNA,Dimitri,Soraya
CANTRELL,Khai,Zoie
MAYO,Landry,Arlette
BRANCH,Palmer,Zola
HENDRIX,Benedict,Luisa
ROLLINS,Leif,Vida
ROWLAND,Koen,Ryder
WHITNEY,Maxton,Tatiana
DUKE,Mordechai,Tori
ODOM,Zev,Aarya
DAUGHERTY,Atharv,Eleanora
TRAVIS,Bishop,Sandra
TANG,Blaise,Soleil
ARCHER,Davian,Annabella